{"loss": [1.8116347789764404, 1.7929960489273071, 1.7238937616348267, 1.5313832759857178, 1.2023943662643433, 0.8549478054046631, 0.6220026612281799, 0.4809717833995819, 0.3998580574989319, 0.35388725996017456, 0.32554498314857483, 0.30381718277931213, 0.28616321086883545, 0.2740069627761841, 0.25935450196266174, 0.24819982051849365, 0.2388996183872223, 0.22713710367679596, 0.21724703907966614, 0.20725123584270477], "accuracy": [0.17482499778270721, 0.24098849296569824, 0.3672845959663391, 0.4697558283805847, 0.5761276483535767, 0.7019168138504028, 0.793258547782898, 0.8496295809745789, 0.8787370920181274, 0.8941556215286255, 0.903281569480896, 0.909197986125946, 0.9141616225242615, 0.9184507131576538, 0.9216848611831665, 0.9245878458023071, 0.9278220534324646, 0.9307658672332764, 0.9338855743408203, 0.9365800619125366], "val_loss": [1.7972007989883423, 1.764756202697754, 1.637260913848877, 1.3638068437576294, 0.9582836031913757, 0.6773257255554199, 0.5399762392044067, 0.4889655113220215, 0.43131130933761597, 0.4183667302131653, 0.4003868103027344, 0.3992648720741272, 0.3891697824001312, 0.3928191363811493, 0.3859671950340271, 0.38855838775634766, 0.3718370199203491, 0.36522120237350464, 0.3644115924835205, 0.358817458152771], "val_accuracy": [0.2605282664299011, 0.42690327763557434, 0.5047183036804199, 0.5825332999229431, 0.7607163190841675, 0.8236814141273499, 0.8505846858024597, 0.863390326499939, 0.8798102736473083, 0.8846349120140076, 0.8886417746543884, 0.888968825340271, 0.8932864665985107, 0.8918799757957458, 0.8943167924880981, 0.8941041827201843, 0.8985689878463745, 0.900793194770813, 0.9024286270141602, 0.9031809568405151]}